Workbook

Sheet README
A1: India Startups: State-wise and City-wise Counts
A3: SHEET State_Official (authentic, government data)
A4: Startups recognised by DPIIT, state/UT-wise, as on 30 June 2026. Total 2,40,092.
A5: Source: Lok Sabha Unstarred Question No. 1446, answered 28 July 2026, Ministry of Commerce & Industry (DPIIT), Annexure-I.
A6: https://sansad.in/getFile/lsapps/loksabhaquestions/annex/188/AU1446_N4i3CT.pdf
A7: All 36 state/UT values add up exactly to the official total (check cell on that sheet).
A9: SHEET City_District (portal register, NOT the same base as State_Official)
A10: Number of startups registered on the Startup India portal in each district/city, 712 districts, snapshot Aug 2026.
A11: Source: indianstartupmap.com/cities (independent site, reproduces the Startup India portal register). Not published by the Government itself.
A12: IMPORTANT: this register has 4,53,192 companies, but only about 2,31,835 are DPIIT recognised. So city counts here are higher than the official recognised numbers.
A13: DPIIT-recognised count per city is published only for the top 12 cities (column D of City_District). The rest are not available for free from any public source.
A14: Startup India records a district, not a city. Cities are listed under their district. Names are kept exactly as published, so a few duplicates exist
... A24: Registration is not an operating signal. Many registered startups are dormant or closed (MCA lists 6,789 closed among 2,12,283 recognised as of 31 Jan 2026).

Sheet State_Summary
A1: State summary: official DPIIT count vs portal-register city data
A2: Column B is official (30 Jun 2026). Columns C to G come from the portal register (Aug 2026) and are a different base. Do not divide one by the other.
A4: State / UT | B4: DPIIT recognised (official) | C4: Portal-register startups (sum of listed districts) | D4: Districts listed | E4: Biggest city/district | F4: Its registered startups | G4: Biggest city share of state's listed total
A5: Maharashtra | B5: =INDEX(State_Official!$C$5:$C$40,MATCH(A5,State_Official!$B$5:$B$40,0)) -> 41440 | C5: =SUMIFS(City_District!$C$5:$C$716,City_District!$A$5:$A$716,A5) -> 74005 | D5: =COUNTIF(City_District!$A$5:$A$716,A5) -> 43 | E5: =IFERROR(INDEX(City_District!$B$5:$B$716,MATCH(A5,City_District!$A$5:$A$716,0)),"none listed (under 25)") -> Mumbai | F5: =IFERROR(INDEX(City_District!$C$5:$C$716,MATCH(A5,City_District!$A$5:$A$716,0)),0) -> 34079 | G5: =IF(C5=0,0,F5/C5) -> 0.46049591
A6: Karnataka | B6: =INDEX(State_Official!$C$5:$C$40,MATCH(A6,State_Official!$B$5:$B$40,0)) -> 24026 | C6: =SUMIFS(City_District!$C$5:$C$716,City_District!$A$5:$A$716,A6) -> 41192 | D6: =COUNTIF(City_District!$A$5:$A$716,A6) -> 34 | E6: =IFERROR(INDEX(City_District!$B$5:$B$716,MATCH(A6,City_District!$A$5:$A$716,0)),"none listed (under 25)") -> Bengaluru | F6: =IFERROR(INDEX(City_District!$C$5:$C$716,MATCH(A6,City_District!$A$5:$A$716,0)),0) -> 33982 | G6: =IF(C6=0,0,F6/C6) -> 0.82496601
A7: Uttar Pradesh | B7: =INDEX(State_Official!$C$5:$C$40,MATCH(A7,State_Official!$B$5:$B$40,0)) -> 23678 | C7: =SUMIFS(City_District!$C$5:$C$716,City_District!$A$5:$A$716,A7) -> 44893 | D7: =COUNTIF(City_District!$A$5:$A$716,A7) -> 77 | E7: =IFERROR(INDEX(City_District!$B$5:$B$716,MATCH(A7,City_District!$A$5:$A$716,0)),"none listed (under 25)") -> Noida | F7: =IFERROR(INDEX(City_District!$C$5:$C$716,MATCH(A7,City_District!$A$5:$A$716,0)),0) -> 10942 | G7: =IF(C7=0,0,F7/C7) -> 0.2437351
A8: Delhi | B8: =INDEX(State_Official!$C$5:$C$40,MATCH(A8,State_Official!$B$5:$B$40,0)) -> 22336 | C8: =SUMIFS(City_District!$C$5:$C$716,City_District!$A$5:$A$716,A8) -> 44524 | D8: =COUNTIF(City_District!$A$5:$A$716,A8) -> 10 | E8: =IFERROR(INDEX(City_District!$B$5:$B$716,MATCH(A8,City_District!$A$5:$A$716,0)),"none listed (under 25)") -> Delhi | F8: =IFERROR(INDEX(City_District!$C$5:$C$716,MATCH(A8,City_District!$A$5:$A$716,0)),0) -> 42792 | G8: =IF(C8=0,0,F8/C8) -> 0.96109963
A9: Gujarat | B9: =INDEX(State_Official!$C$5:$C$40,MATCH(A9,State_Official!$B$5:$B$40,0)) -> 21019 | C9: =SUMIFS(City_District!$C$5:$C$716,City_District!$A$5:$A$716,A9) -> 34745 | D9: =COUNTIF(City_District!$A$5:$A$716,A9) -> 42 | E9: =IFERROR(INDEX(City_District!$B$5:$B$716,MATCH(A9,City_District!$A$5:$A$716,0)),"none listed (under 25)") -> Ahmedabad | F9: =IFERROR(INDEX(City_District!$C$5:$C$716,MATCH(A9,City_District!$A$5:$A$716,0)),0) -> 15020 | G9: =IF(C9=0,0,F9/C9) -> 0.43229242
A10: Tamil Nadu | B10: =INDEX(State_Official!$C$5:$C$40,MATCH(A10,State_Official!$B$5:$B$40,0)) -> 15774 | C10: =SUMIFS(City_District!$C$5:$C$716,City_District!$A$5:$A$716,A10) -> 29616 | D10: =COUNTIF(City_District!$A$5:$A$716,A10) -> 42 | E10: =IFERROR(INDEX(City_District!$B$5:$B$716,MATCH(A10,City_District!$A$5:$A$716,0)),"none listed (under 25)") -> Chennai | F10: =IFERROR(INDEX(City_District!$C$5:$C$716,MATCH(A10,City_District!$A$5:$A$716,0)),0) -> 15662 | G10: =IF(C10=0,0,F10/C10) -> 0.52883576
A11: Telangana | B11: =INDEX(State_Official!$C$5:$C$40,MATCH(A11,State_Official!$B$5:$B$40,0)) -> 13622 | C11: =SUMIFS(City_District!$C$5:$C$716,City_District!$A$5:$A$716,A11) -> 23156 | D11: =COUNTIF(City_District!$A$5:$A$716,A11) -> 19 | E11: =IFERROR(INDEX(City_District!$B$5:$B$716,MATCH(A11,City_District!$A$5:$A$716,0)),"none listed (under 25)") -> Hyderabad | F11: =IFERROR(INDEX(City_District!$C$5:$C$716,MATCH(A11,City_District!$A$5:$A$716,0)),0) -> 20860 | G11: =IF(C11=0,0,F11/C11) -> 0.90084643
A12: Haryana | B12: =INDEX(State_Official!$C$5:$C$40,MATCH(A12,State_Official!$B$5:$B$40,0)) -> 12482 | C12: =SUMIFS(City_District!$C$5:$C$716,City_District!$A$5:$A$716,A12) -> 20789 | D12: =COUNTIF(City_District!$A$5:$A$716,A12) -> 25 | E12: =IFERROR(INDEX(City_District!$B$5:$B$716,MATCH(A12,City_District!$A$5:$A$716,0)),"none listed (under 25)") -> Gurugram | F12: =IFERROR(INDEX(City_District!$C$5:$C$716,MATCH(A12,City_District!$A$5:$A$716,0)),0) -> 10448 | G12: =IF(C12=0,0,F12/C12) -> 0.50257348
A13: Kerala | B13: =INDEX(State_Official!$C$5:$C$40,MATCH(A13,State_Official!$B$5:$B$40,0)) -> 9092 | C13: =SUMIFS(City_District!$C$5:$C$716,City_District!$A$5:$A$716,A13) -> 15435 | D13: =COUNTIF(City_District!$A$5:$A$716,A13) -> 27 | E13: =IFERROR(INDEX(City_District!$B$5:$B$716,MATCH(A13,City_District!$A$5:$A$716,0)),"none listed (under 25)") -> Kochi | F13: =IFERROR(INDEX(City_District!$C$5:$C$716,MATCH(A13,City_District!$A$5:$A$716,0)),0) -> 4959 | G13: =IF(C13=0,0,F13/C13) -> 0.3212828
A14: Rajasthan | B14: =INDEX(State_Official!$C$5:$C$40,MATCH(A14,State_Official!$B$5:$B$40,0)) -> 8783 | C14: =SUMIFS(City_District!$C$5:$C$716,City_District!$A$5:$A$716,A14) -> 18670 | D14: =COUNTIF(City_District!$A$5:$A$716,A14) -> 35 | E14: =IFERROR(INDEX(City_District!$B$5:$B$716,MATCH(A14,City_District!$A$5:$A$716,0)),"none listed (under 25)") -> Jaipur | F14: =IFERROR(INDEX(City_District!$C$5:$C$716,MATCH(A14,City_District!$A$5:$A$716,0)),0) -> 9551 | G14: =IF(C14=0,0,F14/C14) -> 0.51156936
A15: Madhya Pradesh | B15: =INDEX(State_Official!$C$5:$C$40,MATCH(A15,State_Official!$B$5:$B$40,0)) -> 8194 | C15: =SUMIFS(City_District!$C$5:$C$716,City_District!$A$5:$A$716,A15) -> 15965 | D15: =COUNTIF(City_District!$A$5:$A$716,A15) -> 49 | E15: =IFERROR(INDEX(City_District!$B$5:$B$716,MATCH(A15,City_District!$A$5:$A$716,0)),"none listed (under 25)") -> Indore | F15: =IFERROR(INDEX(City_District!$C$5:$C$716,MATCH(A15,City_District!$A$5:$A$716,0)),0) -> 5111 | G15: =IF(C15=0,0,F15/C15) -> 0.3201378
A16: West Bengal | B16: =INDEX(State_Official!$C$5:$C$40,MATCH(A16,State_Official!$B$5:$B$40,0)) -> 7775 | C16: =SUMIFS(City_District!$C$5:$C$716,City_District!$A$5:$A$716,A16) -> 17197 | D16: =COUNTIF(City_District!$A$5:$A$716,A16) -> 32 | E16: =IFERROR(INDEX(City_District!$B$5:$B$716,MATCH(A16,City_District!$A$5:$A$716,0)),"none listed (under 25)") -> Kolkata | F16: =IFERROR(INDEX(City_District!$C$5:$C$716,MATCH(A16,City_District!$A$5:$A$716,0)),0) -> 11455 | G16: =IF(C16=0,0,F16/C16) -> 0.66610455
... A40: Lakshadweep | B40: =INDEX(State_Official!$C$5:$C$40,MATCH(A40,State_Official!$B$5:$B$40,0)) -> 3 | C40: =SUMIFS(City_District!$C$5:$C$716,City_District!$A$5:$A$716,A40) -> 0 | D40: =COUNTIF(City_District!$A$5:$A$716,A40) -> 0 | E40: =IFERROR(INDEX(City_District!$B$5:$B$716,MATCH(A40,City_District!$A$5:$A$716,0)),"none listed (under 25)") -> none listed (under 25) | F40: =IFERROR(INDEX(City_District!$C$5:$C$716,MATCH(A40,City_District!$A$5:$A$716,0)),0) -> 0 | G40: =IF(C40=0,0,F40/C40) -> 0
A41: Total | B41: =SUM(B5:B40) -> 240092 | C41: =SUM(C5:C40) -> 443519 | D41: =SUM(D5:D40) -> 712
A43: Note: 'Biggest city/district' is the top row for that state in City_District (data is sorted high to low within each state).
A44: Delhi: the portal lists 'Delhi' as one district plus 9 sub-districts (South, East, West...), so Delhi's biggest 'city' is just the whole of Delhi.

Sheet State_Official
A1: DPIIT-recognised startups by State/UT, as on 30 June 2026
A2: Source: Lok Sabha Unstarred Q.1446 (28 Jul 2026), DPIIT, Annexure-I
A4: Rank | B4: State / UT | C4: DPIIT recognised startups | D4: % of India total
A5: =RANK(C5,$C$5:$C$40) -> 1 | B5: Maharashtra | C5: 41440 | D5: =C5/$C$41 -> 0.1726005
A6: =RANK(C6,$C$5:$C$40) -> 2 | B6: Karnataka | C6: 24026 | D6: =C6/$C$41 -> 0.10006997
A7: =RANK(C7,$C$5:$C$40) -> 3 | B7: Uttar Pradesh | C7: 23678 | D7: =C7/$C$41 -> 0.098620529
A8: =RANK(C8,$C$5:$C$40) -> 4 | B8: Delhi | C8: 22336 | D8: =C8/$C$41 -> 0.093031005
A9: =RANK(C9,$C$5:$C$40) -> 5 | B9: Gujarat | C9: 21019 | D9: =C9/$C$41 -> 0.087545608
A10: =RANK(C10,$C$5:$C$40) -> 6 | B10: Tamil Nadu | C10: 15774 | D10: =C10/$C$41 -> 0.065699815
A11: =RANK(C11,$C$5:$C$40) -> 7 | B11: Telangana | C11: 13622 | D11: =C11/$C$41 -> 0.056736584
A12: =RANK(C12,$C$5:$C$40) -> 8 | B12: Haryana | C12: 12482 | D12: =C12/$C$41 -> 0.051988404
A13: =RANK(C13,$C$5:$C$40) -> 9 | B13: Kerala | C13: 9092 | D13: =C13/$C$41 -> 0.037868817
A14: =RANK(C14,$C$5:$C$40) -> 10 | B14: Rajasthan | C14: 8783 | D14: =C14/$C$41 -> 0.03658181
A15: =RANK(C15,$C$5:$C$40) -> 11 | B15: Madhya Pradesh | C15: 8194 | D15: =C15/$C$41 -> 0.034128584
A16: =RANK(C16,$C$5:$C$40) -> 12 | B16: West Bengal | C16: 7775 | D16: =C16/$C$41 -> 0.03238342
... A40: =RANK(C40,$C$5:$C$40) -> 36 | B40: Lakshadweep | C40: 3 | D40: =C40/$C$41 -> 1.249521e-05
B41: Total (sum of states) | C41: =SUM(C5:C40) -> 240092 | D41: =SUM(D5:D40) -> 1
B42: Official national total (as stated in reply) | C42: 240092
B43: Check: difference (should be 0) | C43: =C41-C42 -> 0

Sheet City_District
A1: Startups registered on the Startup India portal, by district/city (snapshot Aug 2026)
A2: Source: indianstartupmap.com/cities, built from the Startup India register. Registered != DPIIT recognised. Districts with 25+ startups only.
A4: State / UT | B4: City / District (as published) | C4: Registered startups on portal | D4: DPIIT recognised (top 12 cities only) | E4: Rank in India | F4: Rank in state | G4: % of state's listed total
A5: Maharashtra | B5: Mumbai | C5: 34079 | D5: 18750 | E5: =RANK(C5,$C$5:$C$716) -> 2 | F5: =COUNTIFS($A$5:$A$716,A5,$C$5:$C$716,">"&C5)+1 -> 1 | G5: =C5/SUMIFS($C$5:$C$716,$A$5:$A$716,A5) -> 0.46049591
A6: Maharashtra | B6: Pune | C6: 19787 | D6: 11152 | E6: =RANK(C6,$C$5:$C$716) -> 5 | F6: =COUNTIFS($A$5:$A$716,A6,$C$5:$C$716,">"&C6)+1 -> 2 | G6: =C6/SUMIFS($C$5:$C$716,$A$5:$A$716,A6) -> 0.26737383
A7: Maharashtra | B7: Nagpur | C7: 3991 | E7: =RANK(C7,$C$5:$C$716) -> 19 | F7: =COUNTIFS($A$5:$A$716,A7,$C$5:$C$716,">"&C7)+1 -> 3 | G7: =C7/SUMIFS($C$5:$C$716,$A$5:$A$716,A7) -> 0.053928789
A8: Maharashtra | B8: Nashik | C8: 2846 | E8: =RANK(C8,$C$5:$C$716) -> 25 | F8: =COUNTIFS($A$5:$A$716,A8,$C$5:$C$716,">"&C8)+1 -> 4 | G8: =C8/SUMIFS($C$5:$C$716,$A$5:$A$716,A8) -> 0.038456861
A9: Maharashtra | B9: Aurangabad | C9: 1977 | E9: =RANK(C9,$C$5:$C$716) -> 31 | F9: =COUNTIFS($A$5:$A$716,A9,$C$5:$C$716,">"&C9)+1 -> 5 | G9: =C9/SUMIFS($C$5:$C$716,$A$5:$A$716,A9) -> 0.026714411
A10: Maharashtra | B10: Raigad | C10: 1561 | E10: =RANK(C10,$C$5:$C$716) -> 36 | F10: =COUNTIFS($A$5:$A$716,A10,$C$5:$C$716,">"&C10)+1 -> 6 | G10: =C10/SUMIFS($C$5:$C$716,$A$5:$A$716,A10) -> 0.021093169
A11: Maharashtra | B11: Kolhapur | C11: 1023 | E11: =RANK(C11,$C$5:$C$716) -> 50 | F11: =COUNTIFS($A$5:$A$716,A11,$C$5:$C$716,">"&C11)+1 -> 7 | G11: =C11/SUMIFS($C$5:$C$716,$A$5:$A$716,A11) -> 0.01382339
A12: Maharashtra | B12: Ahmednagar | C12: 991 | E12: =RANK(C12,$C$5:$C$716) -> 52 | F12: =COUNTIFS($A$5:$A$716,A12,$C$5:$C$716,">"&C12)+1 -> 8 | G12: =C12/SUMIFS($C$5:$C$716,$A$5:$A$716,A12) -> 0.013390987
A13: Maharashtra | B13: Solapur | C13: 664 | E13: =RANK(C13,$C$5:$C$716) -> 79 | F13: =COUNTIFS($A$5:$A$716,A13,$C$5:$C$716,">"&C13)+1 -> 9 | G13: =C13/SUMIFS($C$5:$C$716,$A$5:$A$716,A13) -> 0.0089723667
A14: Maharashtra | B14: Sangli | C14: 655 | E14: =RANK(C14,$C$5:$C$716) -> 81 | F14: =COUNTIFS($A$5:$A$716,A14,$C$5:$C$716,">"&C14)+1 -> 10 | G14: =C14/SUMIFS($C$5:$C$716,$A$5:$A$716,A14) -> 0.0088507533
A15: Maharashtra | B15: Jalgaon | C15: 609 | E15: =RANK(C15,$C$5:$C$716) -> 86 | F15: =COUNTIFS($A$5:$A$716,A15,$C$5:$C$716,">"&C15)+1 -> 11 | G15: =C15/SUMIFS($C$5:$C$716,$A$5:$A$716,A15) -> 0.0082291737
A16: Maharashtra | B16: Amravati | C16: 579 | E16: =RANK(C16,$C$5:$C$716) -> 91 | F16: =COUNTIFS($A$5:$A$716,A16,$C$5:$C$716,">"&C16)+1 -> 12 | G16: =C16/SUMIFS($C$5:$C$716,$A$5:$A$716,A16) -> 0.0078237957
A17: Maharashtra | B17: Satara | C17: 516 | E17: =RANK(C17,$C$5:$C$716) -> 103 | F17: =COUNTIFS($A$5:$A$716,A17,$C$5:$C$716,">"&C17)+1 -> 13 | G17: =C17/SUMIFS($C$5:$C$716,$A$5:$A$716,A17) -> 0.0069725019
A18: Maharashtra | B18: Nanded | C18: 365 | E18: =RANK(C18,$C$5:$C$716) -> 133 | F18: =COUNTIFS($A$5:$A$716,A18,$C$5:$C$716,">"&C18)+1 -> 14 | G18: =C18/SUMIFS($C$5:$C$716,$A$5:$A$716,A18) -> 0.0049320992
... A47: Maharashtra | B47: Sangamner | C47: 29 | E47: =RANK(C47,$C$5:$C$716) -> 690 | F47: =COUNTIFS($A$5:$A$716,A47,$C$5:$C$716,">"&C47)+1 -> 43 | G47: =C47/SUMIFS($C$5:$C$716,$A$5:$A$716,A47) -> 0.00039186541
A48: Uttar Pradesh | B48: Noida | C48: 10942 | D48: 6335 | E48: =RANK(C48,$C$5:$C$716) -> 9 | F48: =COUNTIFS($A$5:$A$716,A48,$C$5:$C$716,">"&C48)+1 -> 1 | G48: =C48/SUMIFS($C$5:$C$716,$A$5:$A$716,A48) -> 0.2437351
A49: Uttar Pradesh | B49: Lucknow | C49: 7614 | D49: 3621 | E49: =RANK(C49,$C$5:$C$716) -> 12 | F49: =COUNTIFS($A$5:$A$716,A49,$C$5:$C$716,">"&C49)+1 -> 2 | G49: =C49/SUMIFS($C$5:$C$716,$A$5:$A$716,A49) -> 0.16960328
A50: Uttar Pradesh | B50: Ghaziabad | C50: 5710 | E50: =RANK(C50,$C$5:$C$716) -> 13 | F50: =COUNTIFS($A$5:$A$716,A50,$C$5:$C$716,">"&C50)+1 -> 3 | G50: =C50/SUMIFS($C$5:$C$716,$A$5:$A$716,A50) -> 0.12719132
A51: Uttar Pradesh | B51: Kanpur | C51: 2694 | E51: =RANK(C51,$C$5:$C$716) -> 26 | F51: =COUNTIFS($A$5:$A$716,A51,$C$5:$C$716,">"&C51)+1 -> 4 | G51: =C51/SUMIFS($C$5:$C$716,$A$5:$A$716,A51) -> 0.060009356
A52: Uttar Pradesh | B52: Varanasi | C52: 1716 | E52: =RANK(C52,$C$5:$C$716) -> 35 | F52: =COUNTIFS($A$5:$A$716,A52,$C$5:$C$716,">"&C52)+1 -> 5 | G52: =C52/SUMIFS($C$5:$C$716,$A$5:$A$716,A52) -> 0.038224222
A53: Uttar Pradesh | B53: Agra | C53: 1513 | E53: =RANK(C53,$C$5:$C$716) -> 39 | F53: =COUNTIFS($A$5:$A$716,A53,$C$5:$C$716,">"&C53)+1 -> 6 | G53: =C53/SUMIFS($C$5:$C$716,$A$5:$A$716,A53) -> 0.033702359
A54: Uttar Pradesh | B54: Prayagraj | C54: 1463 | E54: =RANK(C54,$C$5:$C$716) -> 40 | F54: =COUNTIFS($A$5:$A$716,A54,$C$5:$C$716,">"&C54)+1 -> 7 | G54: =C54/SUMIFS($C$5:$C$716,$A$5:$A$716,A54) -> 0.0325886
A55: Uttar Pradesh | B55: Meerut | C55: 1423 | E55: =RANK(C55,$C$5:$C$716) -> 41 | F55: =COUNTIFS($A$5:$A$716,A55,$C$5:$C$716,">"&C55)+1 -> 8 | G55: =C55/SUMIFS($C$5:$C$716,$A$5:$A$716,A55) -> 0.031697592
A56: Uttar Pradesh | B56: Gorakhpur | C56: 979 | E56: =RANK(C56,$C$5:$C$716) -> 53 | F56: =COUNTIFS($A$5:$A$716,A56,$C$5:$C$716,">"&C56)+1 -> 9 | G56: =C56/SUMIFS($C$5:$C$716,$A$5:$A$716,A56) -> 0.021807409
A57: Uttar Pradesh | B57: Bareilly | C57: 782 | E57: =RANK(C57,$C$5:$C$716) -> 66 | F57: =COUNTIFS($A$5:$A$716,A57,$C$5:$C$716,">"&C57)+1 -> 10 | G57: =C57/SUMIFS($C$5:$C$716,$A$5:$A$716,A57) -> 0.017419197
A58: Uttar Pradesh | B58: Mathura | C58: 600 | E58: =RANK(C58,$C$5:$C$716) -> 88 | F58: =COUNTIFS($A$5:$A$716,A58,$C$5:$C$716,">"&C58)+1 -> 11 | G58: =C58/SUMIFS($C$5:$C$716,$A$5:$A$716,A58) -> 0.013365113
A59: Uttar Pradesh | B59: Jhansi | C59: 562 | E59: =RANK(C59,$C$5:$C$716) -> 95 | F59: =COUNTIFS($A$5:$A$716,A59,$C$5:$C$716,">"&C59)+1 -> 12 | G59: =C59/SUMIFS($C$5:$C$716,$A$5:$A$716,A59) -> 0.012518655
A60: Uttar Pradesh | B60: Moradabad | C60: 555 | E60: =RANK(C60,$C$5:$C$716) -> 96 | F60: =COUNTIFS($A$5:$A$716,A60,$C$5:$C$716,">"&C60)+1 -> 13 | G60: =C60/SUMIFS($C$5:$C$716,$A$5:$A$716,A60) -> 0.012362729
A61: Uttar Pradesh | B61: Aligarh | C61: 549 | E61: =RANK(C61,$C$5:$C$716) -> 98 | F61: =COUNTIFS($A$5:$A$716,A61,$C$5:$C$716,">"&C61)+1 -> 14 | G61: =C61/SUMIFS($C$5:$C$716,$A$5:$A$716,A61) -> 0.012229078
... A124: Uttar Pradesh | B124: Kasganj | C124: 33 | E124: =RANK(C124,$C$5:$C$716) -> 661 | F124: =COUNTIFS($A$5:$A$716,A124,$C$5:$C$716,">"&C124)+1 -> 77 | G124: =C124/SUMIFS($C$5:$C$716,$A$5:$A$716,A124) -> 0.00073508119
A125: Delhi | B125: Delhi | C125: 42792 | D125: 21250 | E125: =RANK(C125,$C$5:$C$716) -> 1 | F125: =COUNTIFS($A$5:$A$716,A125,$C$5:$C$716,">"&C125)+1 -> 1 | G125: =C125/SUMIFS($C$5:$C$716,$A$5:$A$716,A125) -> 0.96109963
A126: Delhi | B126: South | C126: 360 | E126: =RANK(C126,$C$5:$C$716) -> 135 | F126: =COUNTIFS($A$5:$A$716,A126,$C$5:$C$716,">"&C126)+1 -> 2 | G126: =C126/SUMIFS($C$5:$C$716,$A$5:$A$716,A126) -> 0.0080855269
A127: Delhi | B127: East | C127: 310 | E127: =RANK(C127,$C$5:$C$716) -> 148 | F127: =COUNTIFS($A$5:$A$716,A127,$C$5:$C$716,">"&C127)+1 -> 3 | G127: =C127/SUMIFS($C$5:$C$716,$A$5:$A$716,A127) -> 0.0069625371
A128: Delhi | B128: West | C128: 238 | E128: =RANK(C128,$C$5:$C$716) -> 187 | F128: =COUNTIFS($A$5:$A$716,A128,$C$5:$C$716,">"&C128)+1 -> 4 | G128: =C128/SUMIFS($C$5:$C$716,$A$5:$A$716,A128) -> 0.0053454317
A129: Delhi | B129: South East | C129: 221 | E129: =RANK(C129,$C$5:$C$716) -> 204 | F129: =COUNTIFS($A$5:$A$716,A129,$C$5:$C$716,">"&C129)+1 -> 5 | G129: =C129/SUMIFS($C$5:$C$716,$A$5:$A$716,A129) -> 0.0049636151
A130: Delhi | B130: South West | C130: 173 | E130: =RANK(C130,$C$5:$C$716) -> 257 | F130: =COUNTIFS($A$5:$A$716,A130,$C$5:$C$716,">"&C130)+1 -> 6 | G130: =C130/SUMIFS($C$5:$C$716,$A$5:$A$716,A130) -> 0.0038855449
A131: Delhi | B131: North West | C131: 160 | E131: =RANK(C131,$C$5:$C$716) -> 273 | F131: =COUNTIFS($A$5:$A$716,A131,$C$5:$C$716,">"&C131)+1 -> 7 | G131: =C131/SUMIFS($C$5:$C$716,$A$5:$A$716,A131) -> 0.0035935675
A132: Delhi | B132: Central | C132: 119 | E132: =RANK(C132,$C$5:$C$716) -> 349 | F132: =COUNTIFS($A$5:$A$716,A132,$C$5:$C$716,">"&C132)+1 -> 8 | G132: =C132/SUMIFS($C$5:$C$716,$A$5:$A$716,A132) -> 0.0026727158
A133: Delhi | B133: North | C133: 105 | E133: =RANK(C133,$C$5:$C$716) -> 383 | F133: =COUNTIFS($A$5:$A$716,A133,$C$5:$C$716,">"&C133)+1 -> 9 | G133: =C133/SUMIFS($C$5:$C$716,$A$5:$A$716,A133) -> 0.0023582787
A134: Delhi | B134: North East | C134: 46 | E134: =RANK(C134,$C$5:$C$716) -> 580 | F134: =COUNTIFS($A$5:$A$716,A134,$C$5:$C$716,">"&C134)+1 -> 10 | G134: =C134/SUMIFS($C$5:$C$716,$A$5:$A$716,A134) -> 0.0010331507
A135: Karnataka | B135: Bengaluru | C135: 33982 | D135: 19318 | E135: =RANK(C135,$C$5:$C$716) -> 3 | F135: =COUNTIFS($A$5:$A$716,A135,$C$5:$C$716,">"&C135)+1 -> 1 | G135: =C135/SUMIFS($C$5:$C$716,$A$5:$A$716,A135) -> 0.82496601
A136: Karnataka | B136: Mysuru | C136: 1174 | E136: =RANK(C136,$C$5:$C$716) -> 47 | F136: =COUNTIFS($A$5:$A$716,A136,$C$5:$C$716,">"&C136)+1 -> 2 | G136: =C136/SUMIFS($C$5:$C$716,$A$5:$A$716,A136) -> 0.02850068
A137: Karnataka | B137: Mangaluru | C137: 902 | E137: =RANK(C137,$C$5:$C$716) -> 58 | F137: =COUNTIFS($A$5:$A$716,A137,$C$5:$C$716,">"&C137)+1 -> 3 | G137: =C137/SUMIFS($C$5:$C$716,$A$5:$A$716,A137) -> 0.021897456
A138: Karnataka | B138: Dharwad | C138: 814 | E138: =RANK(C138,$C$5:$C$716) -> 63 | F138: =COUNTIFS($A$5:$A$716,A138,$C$5:$C$716,">"&C138)+1 -> 4 | G138: =C138/SUMIFS($C$5:$C$716,$A$5:$A$716,A138) -> 0.019761119
A139: Karnataka | B139: Belagavi | C139: 672 | E139: =RANK(C139,$C$5:$C$716) -> 78 | F139: =COUNTIFS($A$5:$A$716,A139,$C$5:$C$716,">"&C139)+1 -> 5 | G139: =C139/SUMIFS($C$5:$C$716,$A$5:$A$716,A139) -> 0.016313847
A140: Karnataka | B140: Udupi | C140: 422 | E140: =RANK(C140,$C$5:$C$716) -> 121 | F140: =COUNTIFS($A$5:$A$716,A140,$C$5:$C$716,">"&C140)+1 -> 6 | G140: =C140/SUMIFS($C$5:$C$716,$A$5:$A$716,A140) -> 0.010244708
A141: Karnataka | B141: Tumakuru | C141: 260 | E141: =RANK(C141,$C$5:$C$716) -> 173 | F141: =COUNTIFS($A$5:$A$716,A141,$C$5:$C$716,">"&C141)+1 -> 7 | G141: =C141/SUMIFS($C$5:$C$716,$A$5:$A$716,A141) -> 0.0063119052
A142: Karnataka | B142: Shivamogga | C142: 253 | E142: =RANK(C142,$C$5:$C$716) -> 175 | F142: =COUNTIFS($A$5:$A$716,A142,$C$5:$C$716,">"&C142)+1 -> 8 | G142: =C142/SUMIFS($C$5:$C$716,$A$5:$A$716,A142) -> 0.0061419693
A143: Karnataka | B143: Vijayapura | C143: 236 | E143: =RANK(C143,$C$5:$C$716) -> 189 | F143: =COUNTIFS($A$5:$A$716,A143,$C$5:$C$716,">"&C143)+1 -> 9 | G143: =C143/SUMIFS($C$5:$C$716,$A$5:$A$716,A143) -> 0.0057292678
A144: Karnataka | B144: Ballari | C144: 230 | E144: =RANK(C144,$C$5:$C$716) -> 193 | F144: =COUNTIFS($A$5:$A$716,A144,$C$5:$C$716,">"&C144)+1 -> 10 | G144: =C144/SUMIFS($C$5:$C$716,$A$5:$A$716,A144) -> 0.0055836085
A145: Karnataka | B145: Kalaburagi | C145: 230 | E145: =RANK(C145,$C$5:$C$716) -> 193 | F145: =COUNTIFS($A$5:$A$716,A145,$C$5:$C$716,">"&C145)+1 -> 10 | G145: =C145/SUMIFS($C$5:$C$716,$A$5:$A$716,A145) -> 0.0055836085
A146: Karnataka | B146: Davanagere | C146: 218 | E146: =RANK(C146,$C$5:$C$716) -> 209 | F146: =COUNTIFS($A$5:$A$716,A146,$C$5:$C$716,">"&C146)+1 -> 12 | G146: =C146/SUMIFS($C$5:$C$716,$A$5:$A$716,A146) -> 0.0052922898
A147: Karnataka | B147: Hassan | C147: 179 | E147: =RANK(C147,$C$5:$C$716) -> 248 | F147: =COUNTIFS($A$5:$A$716,A147,$C$5:$C$716,">"&C147)+1 -> 13 | G147: =C147/SUMIFS($C$5:$C$716,$A$5:$A$716,A147) -> 0.004345504
... A168: Karnataka | B168: Chikballapur | C168: 25 | E168: =RANK(C168,$C$5:$C$716) -> 708 | F168: =COUNTIFS($A$5:$A$716,A168,$C$5:$C$716,">"&C168)+1 -> 34 | G168: =C168/SUMIFS($C$5:$C$716,$A$5:$A$716,A168) -> 0.00060691396
A169: Gujarat | B169: Ahmedabad | C169: 15020 | D169: 9117 | E169: =RANK(C169,$C$5:$C$716) -> 7 | F169: =COUNTIFS($A$5:$A$716,A169,$C$5:$C$716,">"&C169)+1 -> 1 | G169: =C169/SUMIFS($C$5:$C$716,$A$5:$A$716,A169) -> 0.43229242
A170: Gujarat | B170: Surat | C170: 5304 | E170: =RANK(C170,$C$5:$C$716) -> 14 | F170: =COUNTIFS($A$5:$A$716,A170,$C$5:$C$716,">"&C170)+1 -> 2 | G170: =C170/SUMIFS($C$5:$C$716,$A$5:$A$716,A170) -> 0.15265506
A171: Gujarat | B171: Vadodara | C171: 3964 | E171: =RANK(C171,$C$5:$C$716) -> 20 | F171: =COUNTIFS($A$5:$A$716,A171,$C$5:$C$716,">"&C171)+1 -> 3 | G171: =C171/SUMIFS($C$5:$C$716,$A$5:$A$716,A171) -> 0.11408836
A172: Gujarat | B172: Rajkot | C172: 3174 | E172: =RANK(C172,$C$5:$C$716) -> 24 | F172: =COUNTIFS($A$5:$A$716,A172,$C$5:$C$716,">"&C172)+1 -> 4 | G172: =C172/SUMIFS($C$5:$C$716,$A$5:$A$716,A172) -> 0.091351274
A173: Gujarat | B173: Mehsana | C173: 664 | E173: =RANK(C173,$C$5:$C$716) -> 79 | F173: =COUNTIFS($A$5:$A$716,A173,$C$5:$C$716,">"&C173)+1 -> 5 | G173: =C173/SUMIFS($C$5:$C$716,$A$5:$A$716,A173) -> 0.019110663
A174: Gujarat | B174: Jamnagar | C174: 585 | E174: =RANK(C174,$C$5:$C$716) -> 89 | F174: =COUNTIFS($A$5:$A$716,A174,$C$5:$C$716,">"&C174)+1 -> 6 | G174: =C174/SUMIFS($C$5:$C$716,$A$5:$A$716,A174) -> 0.016836955
A175: Gujarat | B175: Bhavnagar | C175: 535 | E175: =RANK(C175,$C$5:$C$716) -> 99 | F175: =COUNTIFS($A$5:$A$716,A175,$C$5:$C$716,">"&C175)+1 -> 7 | G175: =C175/SUMIFS($C$5:$C$716,$A$5:$A$716,A175) -> 0.015397899
A176: Gujarat | B176: Anand | C176: 490 | E176: =RANK(C176,$C$5:$C$716) -> 108 | F176: =COUNTIFS($A$5:$A$716,A176,$C$5:$C$716,">"&C176)+1 -> 8 | G176: =C176/SUMIFS($C$5:$C$716,$A$5:$A$716,A176) -> 0.014102749
A177: Gujarat | B177: Valsad | C177: 488 | E177: =RANK(C177,$C$5:$C$716) -> 110 | F177: =COUNTIFS($A$5:$A$716,A177,$C$5:$C$716,">"&C177)+1 -> 9 | G177: =C177/SUMIFS($C$5:$C$716,$A$5:$A$716,A177) -> 0.014045186
A178: Gujarat | B178: Bharuch | C178: 484 | E178: =RANK(C178,$C$5:$C$716) -> 112 | F178: =COUNTIFS($A$5:$A$716,A178,$C$5:$C$716,">"&C178)+1 -> 10 | G178: =C178/SUMIFS($C$5:$C$716,$A$5:$A$716,A178) -> 0.013930062
A179: Gujarat | B179: Kachchh | C179: 433 | E179: =RANK(C179,$C$5:$C$716) -> 115 | F179: =COUNTIFS($A$5:$A$716,A179,$C$5:$C$716,">"&C179)+1 -> 11 | G179: =C179/SUMIFS($C$5:$C$716,$A$5:$A$716,A179) -> 0.012462225
A180: Gujarat | B180: Junagadh | C180: 339 | E180: =RANK(C180,$C$5:$C$716) -> 140 | F180: =COUNTIFS($A$5:$A$716,A180,$C$5:$C$716,">"&C180)+1 -> 12 | G180: =C180/SUMIFS($C$5:$C$716,$A$5:$A$716,A180) -> 0.0097567995
A181: Gujarat | B181: Banaskantha | C181: 329 | E181: =RANK(C181,$C$5:$C$716) -> 144 | F181: =COUNTIFS($A$5:$A$716,A181,$C$5:$C$716,">"&C181)+1 -> 13 | G181: =C181/SUMIFS($C$5:$C$716,$A$5:$A$716,A181) -> 0.0094689883
... A210: Gujarat | B210: Deesa | C210: 25 | E210: =RANK(C210,$C$5:$C$716) -> 708 | F210: =COUNTIFS($A$5:$A$716,A210,$C$5:$C$716,">"&C210)+1 -> 42 | G210: =C210/SUMIFS($C$5:$C$716,$A$5:$A$716,A210) -> 0.00071952799
A211: Tamil Nadu | B211: Chennai | C211: 15662 | D211: 8400 | E211: =RANK(C211,$C$5:$C$716) -> 6 | F211: =COUNTIFS($A$5:$A$716,A211,$C$5:$C$716,">"&C211)+1 -> 1 | G211: =C211/SUMIFS($C$5:$C$716,$A$5:$A$716,A211) -> 0.52883576
A212: Tamil Nadu | B212: Coimbatore | C212: 4095 | E212: =RANK(C212,$C$5:$C$716) -> 17 | F212: =COUNTIFS($A$5:$A$716,A212,$C$5:$C$716,">"&C212)+1 -> 2 | G212: =C212/SUMIFS($C$5:$C$716,$A$5:$A$716,A212) -> 0.13826985
A213: Tamil Nadu | B213: Madurai | C213: 1077 | E213: =RANK(C213,$C$5:$C$716) -> 49 | F213: =COUNTIFS($A$5:$A$716,A213,$C$5:$C$716,">"&C213)+1 -> 3 | G213: =C213/SUMIFS($C$5:$C$716,$A$5:$A$716,A213) -> 0.036365478
A214: Tamil Nadu | B214: Salem | C214: 868 | E214: =RANK(C214,$C$5:$C$716) -> 60 | F214: =COUNTIFS($A$5:$A$716,A214,$C$5:$C$716,">"&C214)+1 -> 4 | G214: =C214/SUMIFS($C$5:$C$716,$A$5:$A$716,A214) -> 0.029308482
A215: Tamil Nadu | B215: Tiruchirappalli | C215: 852 | E215: =RANK(C215,$C$5:$C$716) -> 61 | F215: =COUNTIFS($A$5:$A$716,A215,$C$5:$C$716,">"&C215)+1 -> 5 | G215: =C215/SUMIFS($C$5:$C$716,$A$5:$A$716,A215) -> 0.028768233
A216: Tamil Nadu | B216: Erode | C216: 732 | E216: =RANK(C216,$C$5:$C$716) -> 67 | F216: =COUNTIFS($A$5:$A$716,A216,$C$5:$C$716,">"&C216)+1 -> 6 | G216: =C216/SUMIFS($C$5:$C$716,$A$5:$A$716,A216) -> 0.02471637
A217: Tamil Nadu | B217: Tiruppur | C217: 580 | E217: =RANK(C217,$C$5:$C$716) -> 90 | F217: =COUNTIFS($A$5:$A$716,A217,$C$5:$C$716,">"&C217)+1 -> 7 | G217: =C217/SUMIFS($C$5:$C$716,$A$5:$A$716,A217) -> 0.019584009
A218: Tamil Nadu | B218: Krishnagiri | C218: 428 | E218: =RANK(C218,$C$5:$C$716) -> 116 | F218: =COUNTIFS($A$5:$A$716,A218,$C$5:$C$716,">"&C218)+1 -> 8 | G218: =C218/SUMIFS($C$5:$C$716,$A$5:$A$716,A218) -> 0.014451648
A219: Tamil Nadu | B219: Thanjavur | C219: 425 | E219: =RANK(C219,$C$5:$C$716) -> 118 | F219: =COUNTIFS($A$5:$A$716,A219,$C$5:$C$716,">"&C219)+1 -> 9 | G219: =C219/SUMIFS($C$5:$C$716,$A$5:$A$716,A219) -> 0.014350351
A220: Tamil Nadu | B220: Vellore | C220: 401 | E220: =RANK(C220,$C$5:$C$716) -> 124 | F220: =COUNTIFS($A$5:$A$716,A220,$C$5:$C$716,">"&C220)+1 -> 10 | G220: =C220/SUMIFS($C$5:$C$716,$A$5:$A$716,A220) -> 0.013539978
A221: Tamil Nadu | B221: Namakkal | C221: 388 | E221: =RANK(C221,$C$5:$C$716) -> 126 | F221: =COUNTIFS($A$5:$A$716,A221,$C$5:$C$716,">"&C221)+1 -> 11 | G221: =C221/SUMIFS($C$5:$C$716,$A$5:$A$716,A221) -> 0.013101026
A222: Tamil Nadu | B222: Tirunelveli | C222: 387 | E222: =RANK(C222,$C$5:$C$716) -> 127 | F222: =COUNTIFS($A$5:$A$716,A222,$C$5:$C$716,">"&C222)+1 -> 12 | G222: =C222/SUMIFS($C$5:$C$716,$A$5:$A$716,A222) -> 0.013067261
A223: Tamil Nadu | B223: Kanyakumari | C223: 329 | E223: =RANK(C223,$C$5:$C$716) -> 144 | F223: =COUNTIFS($A$5:$A$716,A223,$C$5:$C$716,">"&C223)+1 -> 13 | G223: =C223/SUMIFS($C$5:$C$716,$A$5:$A$716,A223) -> 0.01110886
... A252: Tamil Nadu | B252: Udhagamandalam | C252: 27 | E252: =RANK(C252,$C$5:$C$716) -> 700 | F252: =COUNTIFS($A$5:$A$716,A252,$C$5:$C$716,">"&C252)+1 -> 42 | G252: =C252/SUMIFS($C$5:$C$716,$A$5:$A$716,A252) -> 0.00091166937
A253: Telangana | B253: Hyderabad | C253: 20860 | D253: 11739 | E253: =RANK(C253,$C$5:$C$716) -> 4 | F253: =COUNTIFS($A$5:$A$716,A253,$C$5:$C$716,">"&C253)+1 -> 1 | G253: =C253/SUMIFS($C$5:$C$716,$A$5:$A$716,A253) -> 0.90084643
A254: Telangana | B254: Warangal | C254: 460 | E254: =RANK(C254,$C$5:$C$716) -> 113 | F254: =COUNTIFS($A$5:$A$716,A254,$C$5:$C$716,">"&C254)+1 -> 2 | G254: =C254/SUMIFS($C$5:$C$716,$A$5:$A$716,A254) -> 0.019865262
A255: Telangana | B255: Medak | C255: 300 | E255: =RANK(C255,$C$5:$C$716) -> 150 | F255: =COUNTIFS($A$5:$A$716,A255,$C$5:$C$716,">"&C255)+1 -> 3 | G255: =C255/SUMIFS($C$5:$C$716,$A$5:$A$716,A255) -> 0.012955605
A256: Telangana | B256: Sangareddy | C256: 233 | E256: =RANK(C256,$C$5:$C$716) -> 192 | F256: =COUNTIFS($A$5:$A$716,A256,$C$5:$C$716,">"&C256)+1 -> 4 | G256: =C256/SUMIFS($C$5:$C$716,$A$5:$A$716,A256) -> 0.010062187
A257: Telangana | B257: Karimnagar | C257: 227 | E257: =RANK(C257,$C$5:$C$716) -> 197 | F257: =COUNTIFS($A$5:$A$716,A257,$C$5:$C$716,">"&C257)+1 -> 5 | G257: =C257/SUMIFS($C$5:$C$716,$A$5:$A$716,A257) -> 0.0098030748
A258: Telangana | B258: Khammam | C258: 205 | E258: =RANK(C258,$C$5:$C$716) -> 223 | F258: =COUNTIFS($A$5:$A$716,A258,$C$5:$C$716,">"&C258)+1 -> 6 | G258: =C258/SUMIFS($C$5:$C$716,$A$5:$A$716,A258) -> 0.0088529971
A259: Telangana | B259: Nizamabad | C259: 153 | E259: =RANK(C259,$C$5:$C$716) -> 284 | F259: =COUNTIFS($A$5:$A$716,A259,$C$5:$C$716,">"&C259)+1 -> 7 | G259: =C259/SUMIFS($C$5:$C$716,$A$5:$A$716,A259) -> 0.0066073588
A260: Telangana | B260: Adilabad | C260: 128 | E260: =RANK(C260,$C$5:$C$716) -> 329 | F260: =COUNTIFS($A$5:$A$716,A260,$C$5:$C$716,">"&C260)+1 -> 8 | G260: =C260/SUMIFS($C$5:$C$716,$A$5:$A$716,A260) -> 0.005527725
A261: Telangana | B261: Nalgonda | C261: 119 | E261: =RANK(C261,$C$5:$C$716) -> 349 | F261: =COUNTIFS($A$5:$A$716,A261,$C$5:$C$716,">"&C261)+1 -> 9 | G261: =C261/SUMIFS($C$5:$C$716,$A$5:$A$716,A261) -> 0.0051390568
A262: Telangana | B262: Mahbubnagar | C262: 95 | E262: =RANK(C262,$C$5:$C$716) -> 408 | F262: =COUNTIFS($A$5:$A$716,A262,$C$5:$C$716,">"&C262)+1 -> 10 | G262: =C262/SUMIFS($C$5:$C$716,$A$5:$A$716,A262) -> 0.0041026084
A263: Telangana | B263: Siddipet | C263: 60 | E263: =RANK(C263,$C$5:$C$716) -> 521 | F263: =COUNTIFS($A$5:$A$716,A263,$C$5:$C$716,">"&C263)+1 -> 11 | G263: =C263/SUMIFS($C$5:$C$716,$A$5:$A$716,A263) -> 0.0025911211
A264: Telangana | B264: Suryapet | C264: 59 | E264: =RANK(C264,$C$5:$C$716) -> 526 | F264: =COUNTIFS($A$5:$A$716,A264,$C$5:$C$716,">"&C264)+1 -> 12 | G264: =C264/SUMIFS($C$5:$C$716,$A$5:$A$716,A264) -> 0.0025479357
A265: Telangana | B265: Jagtial | C265: 45 | E265: =RANK(C265,$C$5:$C$716) -> 586 | F265: =COUNTIFS($A$5:$A$716,A265,$C$5:$C$716,">"&C265)+1 -> 13 | G265: =C265/SUMIFS($C$5:$C$716,$A$5:$A$716,A265) -> 0.0019433408
... A271: Telangana | B271: Hanumakonda | C271: 26 | E271: =RANK(C271,$C$5:$C$716) -> 703 | F271: =COUNTIFS($A$5:$A$716,A271,$C$5:$C$716,">"&C271)+1 -> 19 | G271: =C271/SUMIFS($C$5:$C$716,$A$5:$A$716,A271) -> 0.0011228191
A272: Haryana | B272: Gurugram | C272: 10448 | D272: 6462 | E272: =RANK(C272,$C$5:$C$716) -> 10 | F272: =COUNTIFS($A$5:$A$716,A272,$C$5:$C$716,">"&C272)+1 -> 1 | G272: =C272/SUMIFS($C$5:$C$716,$A$5:$A$716,A272) -> 0.50257348
...
